OrderId,PricebookEntryId,Quantity,UnitPrice
801fj00000PZzWtAAL,01ufj000001QDaXAAW,1,99.00
801fj00000PZzWtAAL,01ufj000001QDaZAAW,1,199.00
801fj00000PZzWuAAL,01ufj000001QDaYAAW,2,49.00
801fj00000PZzWvAAL,01ufj000001QDaXAAW,1,99.00
801fj00000PZzWvAAL,01ufj000001QDaaAAG,5,150.00
801fj00000PZzWwAAL,01ufj000001QDaYAAW,3,49.00
801fj00000PZzWxAAL,01ufj000001QDabAAG,1,299.00
801fj00000PZzWyAAL,01ufj000001QDaXAAW,2,99.00
801fj00000PZzWyAAL,01ufj000001QDaZAAW,2,199.00
801fj00000PZzWzAAL,01ufj000001QDaYAAW,5,49.00
801fj00000PZzX0AAL,01ufj000001QDaaAAG,3,150.00
801fj00000PZzX1AAL,01ufj000001QDaXAAW,1,99.00
801fj00000PZzX2AAL,01ufj000001QDaYAAW,1,49.00
801fj00000PZzX2AAL,01ufj000001QDabAAG,2,299.00
