Id,Pricebook2Id,BillToContactId,ShipToContactId
801fj00000PZzWtAAL,01sfj000003kZXKAA2,003fj00000OzenVAAR,003fj00000OzenVAAR
801fj00000PZzWuAAL,01sfj000003kZXKAA2,003fj00000OzenWAAR,003fj00000OzenWAAR
801fj00000PZzWvAAL,01sfj000003kZXKAA2,003fj00000OzenXAAR,003fj00000OzenXAAR
801fj00000PZzWwAAL,01sfj000003kZXKAA2,003fj00000OzenYAAR,003fj00000OzenYAAR
801fj00000PZzWxAAL,01sfj000003kZXKAA2,003fj00000OzenZAAR,003fj00000OzenZAAR
801fj00000PZzWyAAL,01sfj000003kZXKAA2,003fj00000OzenaAAB,003fj00000OzenaAAB
801fj00000PZzWzAAL,01sfj000003kZXKAA2,003fj00000OzenbAAB,003fj00000OzenbAAB
801fj00000PZzX0AAL,01sfj000003kZXKAA2,003fj00000OzencAAB,003fj00000OzencAAB
801fj00000PZzX1AAL,01sfj000003kZXKAA2,003fj00000OzendAAB,003fj00000OzendAAB
801fj00000PZzX2AAL,01sfj000003kZXKAA2,003fj00000OzeneAAB,003fj00000OzeneAAB
